STUDYID,USUBJID,AGE,SEX,RACE
ABC-123,P001,24,M,WHITE
XYZ-789,P002,25,F,BLACK OR AFRICAN AMERICAN
MNO-456,P003,26,M,ASIAN
ABC-123,P004,27,F,AMERICAN INDIAN OR ALASKA NATIVE
XYZ-789,P005,28,M,WHITE
MNO-456,P006,29,F,BLACK OR AFRICAN AMERICAN
ABC-123,P007,30,M,ASIAN
XYZ-789,P008,31,F,AMERICAN INDIAN OR ALASKA NATIVE
MNO-456,P009,32,M,WHITE
ABC-123,P010,33,F,BLACK OR AFRICAN AMERICAN
XYZ-789,P011,34,M,ASIAN
MNO-456,P012,35,F,AMERICAN INDIAN OR ALASKA NATIVE
ABC-123,P013,36,M,WHITE
XYZ-789,P014,37,F,BLACK OR AFRICAN AMERICAN
MNO-456,P015,38,M,ASIAN
ABC-123,P016,39,F,AMERICAN INDIAN OR ALASKA NATIVE
XYZ-789,P017,40,M,WHITE
MNO-456,P018,41,F,BLACK OR AFRICAN AMERICAN
ABC-123,P019,42,M,ASIAN
XYZ-789,P020,43,F,AMERICAN INDIAN OR ALASKA NATIVE
MNO-456,P021,44,M,WHITE
ABC-123,P022,45,F,BLACK OR AFRICAN AMERICAN
XYZ-789,P023,46,M,ASIAN
MNO-456,P024,47,F,AMERICAN INDIAN OR ALASKA NATIVE
ABC-123,P025,48,M,WHITE
XYZ-789,P026,49,F,BLACK OR AFRICAN AMERICAN
MNO-456,P027,50,M,ASIAN
ABC-123,P028,51,F,AMERICAN INDIAN OR ALASKA NATIVE
XYZ-789,P029,52,M,WHITE
MNO-456,P030,53,F,BLACK OR AFRICAN AMERICAN
ABC-123,P031,54,M,ASIAN
XYZ-789,P032,55,F,AMERICAN INDIAN OR ALASKA NATIVE
MNO-456,P033,56,M,WHITE
ABC-123,P034,57,F,BLACK OR AFRICAN AMERICAN
XYZ-789,P035,58,M,ASIAN
MNO-456,P036,59,F,AMERICAN INDIAN OR ALASKA NATIVE
ABC-123,P037,60,M,WHITE
XYZ-789,P038,61,F,BLACK OR AFRICAN AMERICAN
MNO-456,P039,62,M,ASIAN
ABC-123,P040,63,F,AMERICAN INDIAN OR ALASKA NATIVE
XYZ-789,P041,64,M,WHITE
MNO-456,P042,65,F,BLACK OR AFRICAN AMERICAN
ABC-123,P043,66,M,ASIAN
XYZ-789,P044,67,F,AMERICAN INDIAN OR ALASKA NATIVE
MNO-456,P045,68,M,WHITE
ABC-123,P046,69,F,BLACK OR AFRICAN AMERICAN
XYZ-789,P047,70,M,ASIAN
MNO-456,P048,71,F,AMERICAN INDIAN OR ALASKA NATIVE
ABC-123,P049,72,M,WHITE
XYZ-789,P050,73,F,BLACK OR AFRICAN AMERICAN
MNO-456,P051,74,M,ASIAN
ABC-123,P052,75,F,AMERICAN INDIAN OR ALASKA NATIVE
XYZ-789,P053,76,M,WHITE
MNO-456,P054,77,F,BLACK OR AFRICAN AMERICAN
ABC-123,P055,78,M,ASIAN
XYZ-789,P056,79,F,AMERICAN INDIAN OR ALASKA NATIVE
MNO-456,P057,20,M,WHITE
ABC-123,P058,21,F,BLACK OR AFRICAN AMERICAN
XYZ-789,P059,22,M,ASIAN
MNO-456,P060,23,F,AMERICAN INDIAN OR ALASKA NATIVE
ABC-123,P061,24,M,WHITE
XYZ-789,P062,25,F,BLACK OR AFRICAN AMERICAN
MNO-456,P063,26,M,ASIAN
ABC-123,P064,27,F,AMERICAN INDIAN OR ALASKA NATIVE
XYZ-789,P065,28,M,WHITE
MNO-456,P066,29,F,BLACK OR AFRICAN AMERICAN
ABC-123,P067,30,M,ASIAN
XYZ-789,P068,31,F,AMERICAN INDIAN OR ALASKA NATIVE
MNO-456,P069,32,M,WHITE
ABC-123,P070,33,F,BLACK OR AFRICAN AMERICAN
XYZ-789,P071,34,M,ASIAN
MNO-456,P072,35,F,AMERICAN INDIAN OR ALASKA NATIVE
ABC-123,P073,36,M,WHITE
XYZ-789,P074,37,F,BLACK OR AFRICAN AMERICAN
MNO-456,P075,38,M,ASIAN
ABC-123,P076,39,F,AMERICAN INDIAN OR ALASKA NATIVE
XYZ-789,P077,40,M,WHITE
MNO-456,P078,41,F,BLACK OR AFRICAN AMERICAN
ABC-123,P079,42,M,ASIAN
XYZ-789,P080,43,F,AMERICAN INDIAN OR ALASKA NATIVE
MNO-456,P081,44,M,WHITE
ABC-123,P082,45,F,BLACK OR AFRICAN AMERICAN
XYZ-789,P083,46,M,ASIAN
MNO-456,P084,47,F,AMERICAN INDIAN OR ALASKA NATIVE
ABC-123,P085,48,M,WHITE
XYZ-789,P086,49,F,BLACK OR AFRICAN AMERICAN
MNO-456,P087,50,M,ASIAN
ABC-123,P088,51,F,AMERICAN INDIAN OR ALASKA NATIVE
XYZ-789,P089,52,M,WHITE
MNO-456,P090,53,F,BLACK OR AFRICAN AMERICAN
ABC-123,P091,54,M,ASIAN
XYZ-789,P092,55,F,AMERICAN INDIAN OR ALASKA NATIVE
MNO-456,P093,56,M,WHITE
ABC-123,P094,57,F,BLACK OR AFRICAN AMERICAN
XYZ-789,P095,58,M,ASIAN
MNO-456,P096,59,F,AMERICAN INDIAN OR ALASKA NATIVE
ABC-123,P097,60,M,WHITE
XYZ-789,P098,61,F,BLACK OR AFRICAN AMERICAN
MNO-456,P099,62,M,ASIAN
ABC-123,P100,63,F,AMERICAN INDIAN OR ALASKA NATIVE
XYZ-789,P101,64,M,WHITE
MNO-456,P102,65,F,BLACK OR AFRICAN AMERICAN
ABC-123,P103,66,M,ASIAN
XYZ-789,P104,67,F,AMERICAN INDIAN OR ALASKA NATIVE
MNO-456,P105,68,M,WHITE
ABC-123,P106,69,F,BLACK OR AFRICAN AMERICAN
XYZ-789,P107,70,M,ASIAN
MNO-456,P108,71,F,AMERICAN INDIAN OR ALASKA NATIVE
ABC-123,P109,72,M,WHITE
XYZ-789,P110,73,F,BLACK OR AFRICAN AMERICAN
MNO-456,P111,74,M,ASIAN
ABC-123,P112,75,F,AMERICAN INDIAN OR ALASKA NATIVE
XYZ-789,P113,76,M,WHITE
MNO-456,P114,77,F,BLACK OR AFRICAN AMERICAN
ABC-123,P115,78,M,ASIAN
XYZ-789,P116,79,F,AMERICAN INDIAN OR ALASKA NATIVE
MNO-456,P117,20,M,WHITE
ABC-123,P118,21,F,BLACK OR AFRICAN AMERICAN
XYZ-789,P119,22,M,ASIAN
MNO-456,P120,23,F,AMERICAN INDIAN OR ALASKA NATIVE
ABC-123,P121,24,M,WHITE
XYZ-789,P122,25,F,BLACK OR AFRICAN AMERICAN
MNO-456,P123,26,M,ASIAN
ABC-123,P124,27,F,AMERICAN INDIAN OR ALASKA NATIVE
XYZ-789,P125,28,M,WHITE
MNO-456,P126,29,F,BLACK OR AFRICAN AMERICAN
ABC-123,P127,30,M,ASIAN
XYZ-789,P128,31,F,AMERICAN INDIAN OR ALASKA NATIVE
MNO-456,P129,32,M,WHITE
ABC-123,P130,33,F,BLACK OR AFRICAN AMERICAN
XYZ-789,P131,34,M,ASIAN
MNO-456,P132,35,F,AMERICAN INDIAN OR ALASKA NATIVE
ABC-123,P133,36,M,WHITE
XYZ-789,P134,37,F,BLACK OR AFRICAN AMERICAN
MNO-456,P135,38,M,ASIAN
ABC-123,P136,39,F,AMERICAN INDIAN OR ALASKA NATIVE
XYZ-789,P137,40,M,WHITE
MNO-456,P138,41,F,BLACK OR AFRICAN AMERICAN
ABC-123,P139,42,M,ASIAN
XYZ-789,P140,43,F,AMERICAN INDIAN OR ALASKA NATIVE
MNO-456,P141,44,M,WHITE
ABC-123,P142,45,F,BLACK OR AFRICAN AMERICAN
XYZ-789,P143,46,M,ASIAN
MNO-456,P144,47,F,AMERICAN INDIAN OR ALASKA NATIVE
ABC-123,P145,48,M,WHITE
XYZ-789,P146,49,F,BLACK OR AFRICAN AMERICAN
MNO-456,P147,50,M,ASIAN
ABC-123,P148,51,F,AMERICAN INDIAN OR ALASKA NATIVE
XYZ-789,P149,52,M,WHITE
MNO-456,P150,53,F,BLACK OR AFRICAN AMERICAN
ABC-123,P151,54,M,ASIAN
XYZ-789,P152,55,F,AMERICAN INDIAN OR ALASKA NATIVE
MNO-456,P153,56,M,WHITE
ABC-123,P154,57,F,BLACK OR AFRICAN AMERICAN
XYZ-789,P155,58,M,ASIAN
MNO-456,P156,59,F,AMERICAN INDIAN OR ALASKA NATIVE
ABC-123,P157,60,M,WHITE
XYZ-789,P158,61,F,BLACK OR AFRICAN AMERICAN
MNO-456,P159,62,M,ASIAN
ABC-123,P160,63,F,AMERICAN INDIAN OR ALASKA NATIVE
XYZ-789,P161,64,M,WHITE
MNO-456,P162,65,F,BLACK OR AFRICAN AMERICAN
ABC-123,P163,66,M,ASIAN
XYZ-789,P164,67,F,AMERICAN INDIAN OR ALASKA NATIVE
MNO-456,P165,68,M,WHITE
ABC-123,P166,69,F,BLACK OR AFRICAN AMERICAN
XYZ-789,P167,70,M,ASIAN
MNO-456,P168,71,F,AMERICAN INDIAN OR ALASKA NATIVE
ABC-123,P169,72,M,WHITE
XYZ-789,P170,73,F,BLACK OR AFRICAN AMERICAN
MNO-456,P171,74,M,ASIAN
ABC-123,P172,75,F,AMERICAN INDIAN OR ALASKA NATIVE
XYZ-789,P173,76,M,WHITE
MNO-456,P174,77,F,BLACK OR AFRICAN AMERICAN
ABC-123,P175,78,M,ASIAN
XYZ-789,P176,79,F,AMERICAN INDIAN OR ALASKA NATIVE
MNO-456,P177,20,M,WHITE
ABC-123,P178,21,F,BLACK OR AFRICAN AMERICAN
XYZ-789,P179,22,M,ASIAN
MNO-456,P180,23,F,AMERICAN INDIAN OR ALASKA NATIVE
ABC-123,P181,24,M,WHITE
XYZ-789,P182,25,F,BLACK OR AFRICAN AMERICAN
MNO-456,P183,26,M,ASIAN
ABC-123,P184,27,F,AMERICAN INDIAN OR ALASKA NATIVE
XYZ-789,P185,28,M,WHITE
MNO-456,P186,29,F,BLACK OR AFRICAN AMERICAN
ABC-123,P187,30,M,ASIAN
XYZ-789,P188,31,F,AMERICAN INDIAN OR ALASKA NATIVE
MNO-456,P189,32,M,WHITE
ABC-123,P190,33,F,BLACK OR AFRICAN AMERICAN
XYZ-789,P191,34,M,ASIAN
MNO-456,P192,35,F,AMERICAN INDIAN OR ALASKA NATIVE
ABC-123,P193,36,M,WHITE
XYZ-789,P194,37,F,BLACK OR AFRICAN AMERICAN
MNO-456,P195,38,M,ASIAN
ABC-123,P196,39,F,AMERICAN INDIAN OR ALASKA NATIVE
XYZ-789,P197,40,M,WHITE
MNO-456,P198,41,F,BLACK OR AFRICAN AMERICAN
ABC-123,P199,42,M,ASIAN
XYZ-789,P200,43,F,AMERICAN INDIAN OR ALASKA NATIVE
MNO-456,P201,44,M,WHITE
ABC-123,P202,45,F,BLACK OR AFRICAN AMERICAN
XYZ-789,P203,46,M,ASIAN
MNO-456,P204,47,F,AMERICAN INDIAN OR ALASKA NATIVE
ABC-123,P205,48,M,WHITE
XYZ-789,P206,49,F,BLACK OR AFRICAN AMERICAN
MNO-456,P207,50,M,ASIAN
ABC-123,P208,51,F,AMERICAN INDIAN OR ALASKA NATIVE
XYZ-789,P209,52,M,WHITE
MNO-456,P210,53,F,BLACK OR AFRICAN AMERICAN
ABC-123,P211,54,M,ASIAN
XYZ-789,P212,55,F,AMERICAN INDIAN OR ALASKA NATIVE
MNO-456,P213,56,M,WHITE
ABC-123,P214,57,F,BLACK OR AFRICAN AMERICAN
XYZ-789,P215,58,M,ASIAN
MNO-456,P216,59,F,AMERICAN INDIAN OR ALASKA NATIVE
ABC-123,P217,60,M,WHITE
XYZ-789,P218,61,F,BLACK OR AFRICAN AMERICAN
MNO-456,P219,62,M,ASIAN
ABC-123,P220,63,F,AMERICAN INDIAN OR ALASKA NATIVE
XYZ-789,P221,64,M,WHITE
MNO-456,P222,65,F,BLACK OR AFRICAN AMERICAN
ABC-123,P223,66,M,ASIAN
XYZ-789,P224,67,F,AMERICAN INDIAN OR ALASKA NATIVE
MNO-456,P225,68,M,WHITE
ABC-123,P226,69,F,BLACK OR AFRICAN AMERICAN
XYZ-789,P227,70,M,ASIAN
MNO-456,P228,71,F,AMERICAN INDIAN OR ALASKA NATIVE
ABC-123,P229,72,M,WHITE
XYZ-789,P230,73,F,BLACK OR AFRICAN AMERICAN
MNO-456,P231,74,M,ASIAN
ABC-123,P232,75,F,AMERICAN INDIAN OR ALASKA NATIVE
XYZ-789,P233,76,M,WHITE
MNO-456,P234,77,F,BLACK OR AFRICAN AMERICAN
ABC-123,P235,78,M,ASIAN
XYZ-789,P236,79,F,AMERICAN INDIAN OR ALASKA NATIVE
MNO-456,P237,20,M,WHITE
ABC-123,P238,21,F,BLACK OR AFRICAN AMERICAN
XYZ-789,P239,22,M,ASIAN
MNO-456,P240,23,F,AMERICAN INDIAN OR ALASKA NATIVE
ABC-123,P241,24,M,WHITE
XYZ-789,P242,25,F,BLACK OR AFRICAN AMERICAN
MNO-456,P243,26,M,ASIAN
ABC-123,P244,27,F,AMERICAN INDIAN OR ALASKA NATIVE
XYZ-789,P245,28,M,WHITE
MNO-456,P246,29,F,BLACK OR AFRICAN AMERICAN
ABC-123,P247,30,M,ASIAN
XYZ-789,P248,31,F,AMERICAN INDIAN OR ALASKA NATIVE
MNO-456,P249,32,M,WHITE
ABC-123,P250,33,F,BLACK OR AFRICAN AMERICAN
XYZ-789,P251,34,M,ASIAN
MNO-456,P252,35,F,AMERICAN INDIAN OR ALASKA NATIVE
ABC-123,P253,36,M,WHITE
XYZ-789,P254,37,F,BLACK OR AFRICAN AMERICAN
MNO-456,P255,38,M,ASIAN
ABC-123,P256,39,F,AMERICAN INDIAN OR ALASKA NATIVE
XYZ-789,P257,40,M,WHITE
MNO-456,P258,41,F,BLACK OR AFRICAN AMERICAN
ABC-123,P259,42,M,ASIAN
XYZ-789,P260,43,F,AMERICAN INDIAN OR ALASKA NATIVE
MNO-456,P261,44,M,WHITE
ABC-123,P262,45,F,BLACK OR AFRICAN AMERICAN
XYZ-789,P263,46,M,ASIAN
MNO-456,P264,47,F,AMERICAN INDIAN OR ALASKA NATIVE
ABC-123,P265,48,M,WHITE
XYZ-789,P266,49,F,BLACK OR AFRICAN AMERICAN
MNO-456,P267,50,M,ASIAN
ABC-123,P268,51,F,AMERICAN INDIAN OR ALASKA NATIVE
XYZ-789,P269,52,M,WHITE
MNO-456,P270,53,F,BLACK OR AFRICAN AMERICAN
ABC-123,P271,54,M,ASIAN
XYZ-789,P272,55,F,AMERICAN INDIAN OR ALASKA NATIVE
MNO-456,P273,56,M,WHITE
ABC-123,P274,57,F,BLACK OR AFRICAN AMERICAN
XYZ-789,P275,58,M,ASIAN
MNO-456,P276,59,F,AMERICAN INDIAN OR ALASKA NATIVE
ABC-123,P277,60,M,WHITE
XYZ-789,P278,61,F,BLACK OR AFRICAN AMERICAN
MNO-456,P279,62,M,ASIAN
ABC-123,P280,63,F,AMERICAN INDIAN OR ALASKA NATIVE
XYZ-789,P281,64,M,WHITE
MNO-456,P282,65,F,BLACK OR AFRICAN AMERICAN
ABC-123,P283,66,M,ASIAN
XYZ-789,P284,67,F,AMERICAN INDIAN OR ALASKA NATIVE
MNO-456,P285,68,M,WHITE
ABC-123,P286,69,F,BLACK OR AFRICAN AMERICAN
XYZ-789,P287,70,M,ASIAN
MNO-456,P288,71,F,AMERICAN INDIAN OR ALASKA NATIVE
ABC-123,P289,72,M,WHITE
XYZ-789,P290,73,F,BLACK OR AFRICAN AMERICAN
MNO-456,P291,74,M,ASIAN
ABC-123,P292,75,F,AMERICAN INDIAN OR ALASKA NATIVE
XYZ-789,P293,76,M,WHITE
MNO-456,P294,77,F,BLACK OR AFRICAN AMERICAN
ABC-123,P295,78,M,ASIAN
XYZ-789,P296,79,F,AMERICAN INDIAN OR ALASKA NATIVE
MNO-456,P297,20,M,WHITE
ABC-123,P298,21,F,BLACK OR AFRICAN AMERICAN
XYZ-789,P299,22,M,ASIAN
MNO-456,P300,23,F,AMERICAN INDIAN OR ALASKA NATIVE
ABC-123,P301,24,M,WHITE
XYZ-789,P302,25,F,BLACK OR AFRICAN AMERICAN
MNO-456,P303,26,M,ASIAN
ABC-123,P304,27,F,AMERICAN INDIAN OR ALASKA NATIVE
XYZ-789,P305,28,M,WHITE
MNO-456,P306,29,F,BLACK OR AFRICAN AMERICAN
ABC-123,P307,30,M,ASIAN
XYZ-789,P308,31,F,AMERICAN INDIAN OR ALASKA NATIVE
MNO-456,P309,32,M,WHITE
ABC-123,P310,33,F,BLACK OR AFRICAN AMERICAN
XYZ-789,P311,34,M,ASIAN
MNO-456,P312,35,F,AMERICAN INDIAN OR ALASKA NATIVE
ABC-123,P313,36,M,WHITE
XYZ-789,P314,37,F,BLACK OR AFRICAN AMERICAN
MNO-456,P315,38,M,ASIAN
ABC-123,P316,39,F,AMERICAN INDIAN OR ALASKA NATIVE
XYZ-789,P317,40,M,WHITE
MNO-456,P318,41,F,BLACK OR AFRICAN AMERICAN
ABC-123,P319,42,M,ASIAN
XYZ-789,P320,43,F,AMERICAN INDIAN OR ALASKA NATIVE
MNO-456,P321,44,M,WHITE
ABC-123,P322,45,F,BLACK OR AFRICAN AMERICAN
XYZ-789,P323,46,M,ASIAN
MNO-456,P324,47,F,AMERICAN INDIAN OR ALASKA NATIVE
ABC-123,P325,48,M,WHITE
XYZ-789,P326,49,F,BLACK OR AFRICAN AMERICAN
MNO-456,P327,50,M,ASIAN
ABC-123,P328,51,F,AMERICAN INDIAN OR ALASKA NATIVE
XYZ-789,P329,52,M,WHITE
MNO-456,P330,53,F,BLACK OR AFRICAN AMERICAN
ABC-123,P331,54,M,ASIAN
XYZ-789,P332,55,F,AMERICAN INDIAN OR ALASKA NATIVE
MNO-456,P333,56,M,WHITE
ABC-123,P334,57,F,BLACK OR AFRICAN AMERICAN
XYZ-789,P335,58,M,ASIAN
MNO-456,P336,59,F,AMERICAN INDIAN OR ALASKA NATIVE
ABC-123,P337,60,M,WHITE
XYZ-789,P338,61,F,BLACK OR AFRICAN AMERICAN
MNO-456,P339,62,M,ASIAN
ABC-123,P340,63,F,AMERICAN INDIAN OR ALASKA NATIVE
XYZ-789,P341,64,M,WHITE
MNO-456,P342,65,F,BLACK OR AFRICAN AMERICAN
ABC-123,P343,66,M,ASIAN
XYZ-789,P344,67,F,AMERICAN INDIAN OR ALASKA NATIVE
MNO-456,P345,68,M,WHITE
ABC-123,P346,69,F,BLACK OR AFRICAN AMERICAN
XYZ-789,P347,70,M,ASIAN
MNO-456,P348,71,F,AMERICAN INDIAN OR ALASKA NATIVE
ABC-123,P349,72,M,WHITE
XYZ-789,P350,73,F,BLACK OR AFRICAN AMERICAN
MNO-456,P351,74,M,ASIAN
ABC-123,P352,75,F,AMERICAN INDIAN OR ALASKA NATIVE
XYZ-789,P353,76,M,WHITE
MNO-456,P354,77,F,BLACK OR AFRICAN AMERICAN
ABC-123,P355,78,M,ASIAN
XYZ-789,P356,79,F,AMERICAN INDIAN OR ALASKA NATIVE
MNO-456,P357,20,M,WHITE
ABC-123,P358,21,F,BLACK OR AFRICAN AMERICAN
XYZ-789,P359,22,M,ASIAN
MNO-456,P360,23,F,AMERICAN INDIAN OR ALASKA NATIVE
ABC-123,P361,24,M,WHITE
XYZ-789,P362,25,F,BLACK OR AFRICAN AMERICAN
MNO-456,P363,26,M,ASIAN
ABC-123,P364,27,F,AMERICAN INDIAN OR ALASKA NATIVE
XYZ-789,P365,28,M,WHITE
MNO-456,P366,29,F,BLACK OR AFRICAN AMERICAN
ABC-123,P367,30,M,ASIAN
XYZ-789,P368,31,F,AMERICAN INDIAN OR ALASKA NATIVE
MNO-456,P369,32,M,WHITE
ABC-123,P370,33,F,BLACK OR AFRICAN AMERICAN
XYZ-789,P371,34,M,ASIAN
MNO-456,P372,35,F,AMERICAN INDIAN OR ALASKA NATIVE
ABC-123,P373,36,M,WHITE
XYZ-789,P374,37,F,BLACK OR AFRICAN AMERICAN
MNO-456,P375,38,M,ASIAN
ABC-123,P376,39,F,AMERICAN INDIAN OR ALASKA NATIVE
XYZ-789,P377,40,M,WHITE
MNO-456,P378,41,F,BLACK OR AFRICAN AMERICAN
ABC-123,P379,42,M,ASIAN
XYZ-789,P380,43,F,AMERICAN INDIAN OR ALASKA NATIVE
MNO-456,P381,44,M,WHITE
ABC-123,P382,45,F,BLACK OR AFRICAN AMERICAN
XYZ-789,P383,46,M,ASIAN
MNO-456,P384,47,F,AMERICAN INDIAN OR ALASKA NATIVE
ABC-123,P385,48,M,WHITE
XYZ-789,P386,49,F,BLACK OR AFRICAN AMERICAN
MNO-456,P387,50,M,ASIAN
ABC-123,P388,51,F,AMERICAN INDIAN OR ALASKA NATIVE
XYZ-789,P389,52,M,WHITE
MNO-456,P390,53,F,BLACK OR AFRICAN AMERICAN
ABC-123,P391,54,M,ASIAN
XYZ-789,P392,55,F,AMERICAN INDIAN OR ALASKA NATIVE
MNO-456,P393,56,M,WHITE
ABC-123,P394,57,F,BLACK OR AFRICAN AMERICAN
XYZ-789,P395,58,M,ASIAN
MNO-456,P396,59,F,AMERICAN INDIAN OR ALASKA NATIVE
ABC-123,P397,60,M,WHITE
XYZ-789,P398,61,F,BLACK OR AFRICAN AMERICAN
MNO-456,P399,62,M,ASIAN
ABC-123,P400,63,F,AMERICAN INDIAN OR ALASKA NATIVE
XYZ-789,P401,64,M,WHITE
MNO-456,P402,65,F,BLACK OR AFRICAN AMERICAN
ABC-123,P403,66,M,ASIAN
XYZ-789,P404,67,F,AMERICAN INDIAN OR ALASKA NATIVE
MNO-456,P405,68,M,WHITE
ABC-123,P406,69,F,BLACK OR AFRICAN AMERICAN
XYZ-789,P407,70,M,ASIAN
MNO-456,P408,71,F,AMERICAN INDIAN OR ALASKA NATIVE
ABC-123,P409,72,M,WHITE
XYZ-789,P410,73,F,BLACK OR AFRICAN AMERICAN
MNO-456,P411,74,M,ASIAN
ABC-123,P412,75,F,AMERICAN INDIAN OR ALASKA NATIVE
XYZ-789,P413,76,M,WHITE
MNO-456,P414,77,F,BLACK OR AFRICAN AMERICAN
ABC-123,P415,78,M,ASIAN
XYZ-789,P416,79,F,AMERICAN INDIAN OR ALASKA NATIVE
MNO-456,P417,20,M,WHITE
ABC-123,P418,21,F,BLACK OR AFRICAN AMERICAN
XYZ-789,P419,22,M,ASIAN
MNO-456,P420,23,F,AMERICAN INDIAN OR ALASKA NATIVE
ABC-123,P421,24,M,WHITE
XYZ-789,P422,25,F,BLACK OR AFRICAN AMERICAN
MNO-456,P423,26,M,ASIAN
ABC-123,P424,27,F,AMERICAN INDIAN OR ALASKA NATIVE
XYZ-789,P425,28,M,WHITE
MNO-456,P426,29,F,BLACK OR AFRICAN AMERICAN
ABC-123,P427,30,M,ASIAN
XYZ-789,P428,31,F,AMERICAN INDIAN OR ALASKA NATIVE
MNO-456,P429,32,M,WHITE
ABC-123,P430,33,F,BLACK OR AFRICAN AMERICAN
XYZ-789,P431,34,M,ASIAN
MNO-456,P432,35,F,AMERICAN INDIAN OR ALASKA NATIVE
ABC-123,P433,36,M,WHITE
XYZ-789,P434,37,F,BLACK OR AFRICAN AMERICAN
MNO-456,P435,38,M,ASIAN
ABC-123,P436,39,F,AMERICAN INDIAN OR ALASKA NATIVE
XYZ-789,P437,40,M,WHITE
MNO-456,P438,41,F,BLACK OR AFRICAN AMERICAN
ABC-123,P439,42,M,ASIAN
XYZ-789,P440,43,F,AMERICAN INDIAN OR ALASKA NATIVE
MNO-456,P441,44,M,WHITE
ABC-123,P442,45,F,BLACK OR AFRICAN AMERICAN
XYZ-789,P443,46,M,ASIAN
MNO-456,P444,47,F,AMERICAN INDIAN OR ALASKA NATIVE
ABC-123,P445,48,M,WHITE
XYZ-789,P446,49,F,BLACK OR AFRICAN AMERICAN
MNO-456,P447,50,M,ASIAN
ABC-123,P448,51,F,AMERICAN INDIAN OR ALASKA NATIVE
XYZ-789,P449,52,M,WHITE
MNO-456,P450,53,F,BLACK OR AFRICAN AMERICAN
ABC-123,P451,54,M,ASIAN
XYZ-789,P452,55,F,AMERICAN INDIAN OR ALASKA NATIVE
MNO-456,P453,56,M,WHITE
ABC-123,P454,57,F,BLACK OR AFRICAN AMERICAN
XYZ-789,P455,58,M,ASIAN
MNO-456,P456,59,F,AMERICAN INDIAN OR ALASKA NATIVE
ABC-123,P457,60,M,WHITE
XYZ-789,P458,61,F,BLACK OR AFRICAN AMERICAN
MNO-456,P459,62,M,ASIAN
ABC-123,P460,63,F,AMERICAN INDIAN OR ALASKA NATIVE
XYZ-789,P461,64,M,WHITE
MNO-456,P462,65,F,BLACK OR AFRICAN AMERICAN
ABC-123,P463,66,M,ASIAN
XYZ-789,P464,67,F,AMERICAN INDIAN OR ALASKA NATIVE
MNO-456,P465,68,M,WHITE
ABC-123,P466,69,F,BLACK OR AFRICAN AMERICAN
XYZ-789,P467,70,M,ASIAN
MNO-456,P468,71,F,AMERICAN INDIAN OR ALASKA NATIVE
ABC-123,P469,72,M,WHITE
XYZ-789,P470,73,F,BLACK OR AFRICAN AMERICAN
MNO-456,P471,74,M,ASIAN
ABC-123,P472,75,F,AMERICAN INDIAN OR ALASKA NATIVE
XYZ-789,P473,76,M,WHITE
MNO-456,P474,77,F,BLACK OR AFRICAN AMERICAN
ABC-123,P475,78,M,ASIAN
XYZ-789,P476,79,F,AMERICAN INDIAN OR ALASKA NATIVE
MNO-456,P477,20,M,WHITE
ABC-123,P478,21,F,BLACK OR AFRICAN AMERICAN
XYZ-789,P479,22,M,ASIAN
MNO-456,P480,23,F,AMERICAN INDIAN OR ALASKA NATIVE
ABC-123,P481,24,M,WHITE
XYZ-789,P482,25,F,BLACK OR AFRICAN AMERICAN
MNO-456,P483,26,M,ASIAN
ABC-123,P484,27,F,AMERICAN INDIAN OR ALASKA NATIVE
XYZ-789,P485,28,M,WHITE
MNO-456,P486,29,F,BLACK OR AFRICAN AMERICAN
ABC-123,P487,30,M,ASIAN
XYZ-789,P488,31,F,AMERICAN INDIAN OR ALASKA NATIVE
MNO-456,P489,32,M,WHITE
ABC-123,P490,33,F,BLACK OR AFRICAN AMERICAN
XYZ-789,P491,34,M,ASIAN
MNO-456,P492,35,F,AMERICAN INDIAN OR ALASKA NATIVE
ABC-123,P493,36,M,WHITE
XYZ-789,P494,37,F,BLACK OR AFRICAN AMERICAN
MNO-456,P495,38,M,ASIAN
ABC-123,P496,39,F,AMERICAN INDIAN OR ALASKA NATIVE
XYZ-789,P497,40,M,WHITE
MNO-456,P498,41,F,BLACK OR AFRICAN AMERICAN
ABC-123,P499,42,M,ASIAN
XYZ-789,P500,43,F,AMERICAN INDIAN OR ALASKA NATIVE
MNO-456,P501,44,M,WHITE
ABC-123,P502,45,F,BLACK OR AFRICAN AMERICAN
XYZ-789,P503,46,M,ASIAN
MNO-456,P504,47,F,AMERICAN INDIAN OR ALASKA NATIVE
ABC-123,P505,48,M,WHITE
XYZ-789,P506,49,F,BLACK OR AFRICAN AMERICAN
MNO-456,P507,50,M,ASIAN
ABC-123,P508,51,F,AMERICAN INDIAN OR ALASKA NATIVE
XYZ-789,P509,52,M,WHITE
MNO-456,P510,53,F,BLACK OR AFRICAN AMERICAN
ABC-123,P511,54,M,ASIAN
XYZ-789,P512,55,F,AMERICAN INDIAN OR ALASKA NATIVE
MNO-456,P513,56,M,WHITE
ABC-123,P514,57,F,BLACK OR AFRICAN AMERICAN
XYZ-789,P515,58,M,ASIAN
MNO-456,P516,59,F,AMERICAN INDIAN OR ALASKA NATIVE
ABC-123,P517,60,M,WHITE
XYZ-789,P518,61,F,BLACK OR AFRICAN AMERICAN
MNO-456,P519,62,M,ASIAN
ABC-123,P520,63,F,AMERICAN INDIAN OR ALASKA NATIVE
XYZ-789,P521,64,M,WHITE
MNO-456,P522,65,F,BLACK OR AFRICAN AMERICAN
ABC-123,P523,66,M,ASIAN
XYZ-789,P524,67,F,AMERICAN INDIAN OR ALASKA NATIVE
MNO-456,P525,68,M,WHITE
ABC-123,P526,69,F,BLACK OR AFRICAN AMERICAN
XYZ-789,P527,70,M,ASIAN
MNO-456,P528,71,F,AMERICAN INDIAN OR ALASKA NATIVE
ABC-123,P529,72,M,WHITE
XYZ-789,P530,73,F,BLACK OR AFRICAN AMERICAN
MNO-456,P531,74,M,ASIAN
ABC-123,P532,75,F,AMERICAN INDIAN OR ALASKA NATIVE
XYZ-789,P533,76,M,WHITE
MNO-456,P534,77,F,BLACK OR AFRICAN AMERICAN
ABC-123,P535,78,M,ASIAN
XYZ-789,P536,79,F,AMERICAN INDIAN OR ALASKA NATIVE
MNO-456,P537,20,M,WHITE
ABC-123,P538,21,F,BLACK OR AFRICAN AMERICAN
XYZ-789,P539,22,M,ASIAN
MNO-456,P540,23,F,AMERICAN INDIAN OR ALASKA NATIVE
ABC-123,P541,24,M,WHITE
XYZ-789,P542,25,F,BLACK OR AFRICAN AMERICAN
MNO-456,P543,26,M,ASIAN
ABC-123,P544,27,F,AMERICAN INDIAN OR ALASKA NATIVE
XYZ-789,P545,28,M,WHITE
MNO-456,P546,29,F,BLACK OR AFRICAN AMERICAN
ABC-123,P547,30,M,ASIAN
XYZ-789,P548,31,F,AMERICAN INDIAN OR ALASKA NATIVE
MNO-456,P549,32,M,WHITE
ABC-123,P550,33,F,BLACK OR AFRICAN AMERICAN
XYZ-789,P551,34,M,ASIAN
MNO-456,P552,35,F,AMERICAN INDIAN OR ALASKA NATIVE
ABC-123,P553,36,M,WHITE
XYZ-789,P554,37,F,BLACK OR AFRICAN AMERICAN
MNO-456,P555,38,M,ASIAN
ABC-123,P556,39,F,AMERICAN INDIAN OR ALASKA NATIVE
XYZ-789,P557,40,M,WHITE
MNO-456,P558,41,F,BLACK OR AFRICAN AMERICAN
ABC-123,P559,42,M,ASIAN
XYZ-789,P560,43,F,AMERICAN INDIAN OR ALASKA NATIVE
MNO-456,P561,44,M,WHITE
ABC-123,P562,45,F,BLACK OR AFRICAN AMERICAN
XYZ-789,P563,46,M,ASIAN
MNO-456,P564,47,F,AMERICAN INDIAN OR ALASKA NATIVE
ABC-123,P565,48,M,WHITE
XYZ-789,P566,49,F,BLACK OR AFRICAN AMERICAN
MNO-456,P567,50,M,ASIAN
ABC-123,P568,51,F,AMERICAN INDIAN OR ALASKA NATIVE
XYZ-789,P569,52,M,WHITE
MNO-456,P570,53,F,BLACK OR AFRICAN AMERICAN
ABC-123,P571,54,M,ASIAN
XYZ-789,P572,55,F,AMERICAN INDIAN OR ALASKA NATIVE
MNO-456,P573,56,M,WHITE
ABC-123,P574,57,F,BLACK OR AFRICAN AMERICAN
XYZ-789,P575,58,M,ASIAN
MNO-456,P576,59,F,AMERICAN INDIAN OR ALASKA NATIVE
ABC-123,P577,60,M,WHITE
XYZ-789,P578,61,F,BLACK OR AFRICAN AMERICAN
MNO-456,P579,62,M,ASIAN
ABC-123,P580,63,F,AMERICAN INDIAN OR ALASKA NATIVE
XYZ-789,P581,64,M,WHITE
MNO-456,P582,65,F,BLACK OR AFRICAN AMERICAN
ABC-123,P583,66,M,ASIAN
XYZ-789,P584,67,F,AMERICAN INDIAN OR ALASKA NATIVE
MNO-456,P585,68,M,WHITE
ABC-123,P586,69,F,BLACK OR AFRICAN AMERICAN
XYZ-789,P587,70,M,ASIAN
MNO-456,P588,71,F,AMERICAN INDIAN OR ALASKA NATIVE
ABC-123,P589,72,M,WHITE
XYZ-789,P590,73,F,BLACK OR AFRICAN AMERICAN
MNO-456,P591,74,M,ASIAN
ABC-123,P592,75,F,AMERICAN INDIAN OR ALASKA NATIVE
XYZ-789,P593,76,M,WHITE
MNO-456,P594,77,F,BLACK OR AFRICAN AMERICAN
ABC-123,P595,78,M,ASIAN
XYZ-789,P596,79,F,AMERICAN INDIAN OR ALASKA NATIVE
MNO-456,P597,20,M,WHITE
ABC-123,P598,21,F,BLACK OR AFRICAN AMERICAN
XYZ-789,P599,22,M,ASIAN
MNO-456,P600,23,F,AMERICAN INDIAN OR ALASKA NATIVE
ABC-123,P601,24,M,WHITE
XYZ-789,P602,25,F,BLACK OR AFRICAN AMERICAN
MNO-456,P603,26,M,ASIAN
ABC-123,P604,27,F,AMERICAN INDIAN OR ALASKA NATIVE
XYZ-789,P605,28,M,WHITE
MNO-456,P606,29,F,BLACK OR AFRICAN AMERICAN
ABC-123,P607,30,M,ASIAN
XYZ-789,P608,31,F,AMERICAN INDIAN OR ALASKA NATIVE
MNO-456,P609,32,M,WHITE
ABC-123,P610,33,F,BLACK OR AFRICAN AMERICAN
XYZ-789,P611,34,M,ASIAN
MNO-456,P612,35,F,AMERICAN INDIAN OR ALASKA NATIVE
ABC-123,P613,36,M,WHITE
XYZ-789,P614,37,F,BLACK OR AFRICAN AMERICAN
MNO-456,P615,38,M,ASIAN
ABC-123,P616,39,F,AMERICAN INDIAN OR ALASKA NATIVE
XYZ-789,P617,40,M,WHITE
MNO-456,P618,41,F,BLACK OR AFRICAN AMERICAN
ABC-123,P619,42,M,ASIAN
XYZ-789,P620,43,F,AMERICAN INDIAN OR ALASKA NATIVE
MNO-456,P621,44,M,WHITE
ABC-123,P622,45,F,BLACK OR AFRICAN AMERICAN
XYZ-789,P623,46,M,ASIAN
MNO-456,P624,47,F,AMERICAN INDIAN OR ALASKA NATIVE
ABC-123,P625,48,M,WHITE
XYZ-789,P626,49,F,BLACK OR AFRICAN AMERICAN
MNO-456,P627,50,M,ASIAN
ABC-123,P628,51,F,AMERICAN INDIAN OR ALASKA NATIVE
XYZ-789,P629,52,M,WHITE
MNO-456,P630,53,F,BLACK OR AFRICAN AMERICAN
ABC-123,P631,54,M,ASIAN
XYZ-789,P632,55,F,AMERICAN INDIAN OR ALASKA NATIVE
MNO-456,P633,56,M,WHITE
ABC-123,P634,57,F,BLACK OR AFRICAN AMERICAN
XYZ-789,P635,58,M,ASIAN
MNO-456,P636,59,F,AMERICAN INDIAN OR ALASKA NATIVE
ABC-123,P637,60,M,WHITE
XYZ-789,P638,61,F,BLACK OR AFRICAN AMERICAN
MNO-456,P639,62,M,ASIAN
ABC-123,P640,63,F,AMERICAN INDIAN OR ALASKA NATIVE
XYZ-789,P641,64,M,WHITE
MNO-456,P642,65,F,BLACK OR AFRICAN AMERICAN
ABC-123,P643,66,M,ASIAN
XYZ-789,P644,67,F,AMERICAN INDIAN OR ALASKA NATIVE
MNO-456,P645,68,M,WHITE
ABC-123,P646,69,F,BLACK OR AFRICAN AMERICAN
XYZ-789,P647,70,M,ASIAN
MNO-456,P648,71,F,AMERICAN INDIAN OR ALASKA NATIVE
ABC-123,P649,72,M,WHITE
XYZ-789,P650,73,F,BLACK OR AFRICAN AMERICAN
MNO-456,P651,74,M,ASIAN
ABC-123,P652,75,F,AMERICAN INDIAN OR ALASKA NATIVE
XYZ-789,P653,76,M,WHITE
MNO-456,P654,77,F,BLACK OR AFRICAN AMERICAN
ABC-123,P655,78,M,ASIAN
XYZ-789,P656,79,F,AMERICAN INDIAN OR ALASKA NATIVE
MNO-456,P657,20,M,WHITE
ABC-123,P658,21,F,BLACK OR AFRICAN AMERICAN
XYZ-789,P659,22,M,ASIAN
MNO-456,P660,23,F,AMERICAN INDIAN OR ALASKA NATIVE
ABC-123,P661,24,M,WHITE
XYZ-789,P662,25,F,BLACK OR AFRICAN AMERICAN
MNO-456,P663,26,M,ASIAN
ABC-123,P664,27,F,AMERICAN INDIAN OR ALASKA NATIVE
XYZ-789,P665,28,M,WHITE
MNO-456,P666,29,F,BLACK OR AFRICAN AMERICAN
ABC-123,P667,30,M,ASIAN
XYZ-789,P668,31,F,AMERICAN INDIAN OR ALASKA NATIVE
MNO-456,P669,32,M,WHITE
ABC-123,P670,33,F,BLACK OR AFRICAN AMERICAN
XYZ-789,P671,34,M,ASIAN
MNO-456,P672,35,F,AMERICAN INDIAN OR ALASKA NATIVE
ABC-123,P673,36,M,WHITE
XYZ-789,P674,37,F,BLACK OR AFRICAN AMERICAN
MNO-456,P675,38,M,ASIAN
ABC-123,P676,39,F,AMERICAN INDIAN OR ALASKA NATIVE
XYZ-789,P677,40,M,WHITE
MNO-456,P678,41,F,BLACK OR AFRICAN AMERICAN
ABC-123,P679,42,M,ASIAN
XYZ-789,P680,43,F,AMERICAN INDIAN OR ALASKA NATIVE
MNO-456,P681,44,M,WHITE
ABC-123,P682,45,F,BLACK OR AFRICAN AMERICAN
XYZ-789,P683,46,M,ASIAN
MNO-456,P684,47,F,AMERICAN INDIAN OR ALASKA NATIVE
ABC-123,P685,48,M,WHITE
XYZ-789,P686,49,F,BLACK OR AFRICAN AMERICAN
MNO-456,P687,50,M,ASIAN
ABC-123,P688,51,F,AMERICAN INDIAN OR ALASKA NATIVE
XYZ-789,P689,52,M,WHITE
MNO-456,P690,53,F,BLACK OR AFRICAN AMERICAN
ABC-123,P691,54,M,ASIAN
XYZ-789,P692,55,F,AMERICAN INDIAN OR ALASKA NATIVE
MNO-456,P693,56,M,WHITE
ABC-123,P694,57,F,BLACK OR AFRICAN AMERICAN
XYZ-789,P695,58,M,ASIAN
MNO-456,P696,59,F,AMERICAN INDIAN OR ALASKA NATIVE
ABC-123,P697,60,M,WHITE
XYZ-789,P698,61,F,BLACK OR AFRICAN AMERICAN
MNO-456,P699,62,M,ASIAN
ABC-123,P700,63,F,AMERICAN INDIAN OR ALASKA NATIVE
XYZ-789,P701,64,M,WHITE
MNO-456,P702,65,F,BLACK OR AFRICAN AMERICAN
ABC-123,P703,66,M,ASIAN
XYZ-789,P704,67,F,AMERICAN INDIAN OR ALASKA NATIVE
MNO-456,P705,68,M,WHITE
ABC-123,P706,69,F,BLACK OR AFRICAN AMERICAN
XYZ-789,P707,70,M,ASIAN
MNO-456,P708,71,F,AMERICAN INDIAN OR ALASKA NATIVE
ABC-123,P709,72,M,WHITE
XYZ-789,P710,73,F,BLACK OR AFRICAN AMERICAN
MNO-456,P711,74,M,ASIAN
ABC-123,P712,75,F,AMERICAN INDIAN OR ALASKA NATIVE
XYZ-789,P713,76,M,WHITE
MNO-456,P714,77,F,BLACK OR AFRICAN AMERICAN
ABC-123,P715,78,M,ASIAN
XYZ-789,P716,79,F,AMERICAN INDIAN OR ALASKA NATIVE
MNO-456,P717,20,M,WHITE
ABC-123,P718,21,F,BLACK OR AFRICAN AMERICAN
XYZ-789,P719,22,M,ASIAN
MNO-456,P720,23,F,AMERICAN INDIAN OR ALASKA NATIVE
ABC-123,P721,24,M,WHITE
XYZ-789,P722,25,F,BLACK OR AFRICAN AMERICAN
MNO-456,P723,26,M,ASIAN
ABC-123,P724,27,F,AMERICAN INDIAN OR ALASKA NATIVE
XYZ-789,P725,28,M,WHITE
MNO-456,P726,29,F,BLACK OR AFRICAN AMERICAN
ABC-123,P727,30,M,ASIAN
XYZ-789,P728,31,F,AMERICAN INDIAN OR ALASKA NATIVE
MNO-456,P729,32,M,WHITE
ABC-123,P730,33,F,BLACK OR AFRICAN AMERICAN
XYZ-789,P731,34,M,ASIAN
MNO-456,P732,35,F,AMERICAN INDIAN OR ALASKA NATIVE
ABC-123,P733,36,M,WHITE
XYZ-789,P734,37,F,BLACK OR AFRICAN AMERICAN
MNO-456,P735,38,M,ASIAN
ABC-123,P736,39,F,AMERICAN INDIAN OR ALASKA NATIVE
XYZ-789,P737,40,M,WHITE
MNO-456,P738,41,F,BLACK OR AFRICAN AMERICAN
ABC-123,P739,42,M,ASIAN
XYZ-789,P740,43,F,AMERICAN INDIAN OR ALASKA NATIVE
MNO-456,P741,44,M,WHITE
ABC-123,P742,45,F,BLACK OR AFRICAN AMERICAN
XYZ-789,P743,46,M,ASIAN
MNO-456,P744,47,F,AMERICAN INDIAN OR ALASKA NATIVE
ABC-123,P745,48,M,WHITE
XYZ-789,P746,49,F,BLACK OR AFRICAN AMERICAN
MNO-456,P747,50,M,ASIAN
ABC-123,P748,51,F,AMERICAN INDIAN OR ALASKA NATIVE
XYZ-789,P749,52,M,WHITE
MNO-456,P750,53,F,BLACK OR AFRICAN AMERICAN
ABC-123,P751,54,M,ASIAN
XYZ-789,P752,55,F,AMERICAN INDIAN OR ALASKA NATIVE
MNO-456,P753,56,M,WHITE
ABC-123,P754,57,F,BLACK OR AFRICAN AMERICAN
XYZ-789,P755,58,M,ASIAN
MNO-456,P756,59,F,AMERICAN INDIAN OR ALASKA NATIVE
ABC-123,P757,60,M,WHITE
XYZ-789,P758,61,F,BLACK OR AFRICAN AMERICAN
MNO-456,P759,62,M,ASIAN
ABC-123,P760,63,F,AMERICAN INDIAN OR ALASKA NATIVE
XYZ-789,P761,64,M,WHITE
MNO-456,P762,65,F,BLACK OR AFRICAN AMERICAN
ABC-123,P763,66,M,ASIAN
XYZ-789,P764,67,F,AMERICAN INDIAN OR ALASKA NATIVE
MNO-456,P765,68,M,WHITE
ABC-123,P766,69,F,BLACK OR AFRICAN AMERICAN
XYZ-789,P767,70,M,ASIAN
MNO-456,P768,71,F,AMERICAN INDIAN OR ALASKA NATIVE
ABC-123,P769,72,M,WHITE
XYZ-789,P770,73,F,BLACK OR AFRICAN AMERICAN
MNO-456,P771,74,M,ASIAN
ABC-123,P772,75,F,AMERICAN INDIAN OR ALASKA NATIVE
XYZ-789,P773,76,M,WHITE
MNO-456,P774,77,F,BLACK OR AFRICAN AMERICAN
ABC-123,P775,78,M,ASIAN
XYZ-789,P776,79,F,AMERICAN INDIAN OR ALASKA NATIVE
MNO-456,P777,20,M,WHITE
ABC-123,P778,21,F,BLACK OR AFRICAN AMERICAN
XYZ-789,P779,22,M,ASIAN
MNO-456,P780,23,F,AMERICAN INDIAN OR ALASKA NATIVE
ABC-123,P781,24,M,WHITE
XYZ-789,P782,25,F,BLACK OR AFRICAN AMERICAN
MNO-456,P783,26,M,ASIAN
ABC-123,P784,27,F,AMERICAN INDIAN OR ALASKA NATIVE
XYZ-789,P785,28,M,WHITE
MNO-456,P786,29,F,BLACK OR AFRICAN AMERICAN
ABC-123,P787,30,M,ASIAN
XYZ-789,P788,31,F,AMERICAN INDIAN OR ALASKA NATIVE
MNO-456,P789,32,M,WHITE
ABC-123,P790,33,F,BLACK OR AFRICAN AMERICAN
XYZ-789,P791,34,M,ASIAN
MNO-456,P792,35,F,AMERICAN INDIAN OR ALASKA NATIVE
ABC-123,P793,36,M,WHITE
XYZ-789,P794,37,F,BLACK OR AFRICAN AMERICAN
MNO-456,P795,38,M,ASIAN
ABC-123,P796,39,F,AMERICAN INDIAN OR ALASKA NATIVE
XYZ-789,P797,40,M,WHITE
MNO-456,P798,41,F,BLACK OR AFRICAN AMERICAN
ABC-123,P799,42,M,ASIAN
XYZ-789,P800,43,F,AMERICAN INDIAN OR ALASKA NATIVE
MNO-456,P801,44,M,WHITE
ABC-123,P802,45,F,BLACK OR AFRICAN AMERICAN
XYZ-789,P803,46,M,ASIAN
MNO-456,P804,47,F,AMERICAN INDIAN OR ALASKA NATIVE
ABC-123,P805,48,M,WHITE
XYZ-789,P806,49,F,BLACK OR AFRICAN AMERICAN
MNO-456,P807,50,M,ASIAN
ABC-123,P808,51,F,AMERICAN INDIAN OR ALASKA NATIVE
XYZ-789,P809,52,M,WHITE
MNO-456,P810,53,F,BLACK OR AFRICAN AMERICAN
ABC-123,P811,54,M,ASIAN
XYZ-789,P812,55,F,AMERICAN INDIAN OR ALASKA NATIVE
MNO-456,P813,56,M,WHITE
ABC-123,P814,57,F,BLACK OR AFRICAN AMERICAN
XYZ-789,P815,58,M,ASIAN
MNO-456,P816,59,F,AMERICAN INDIAN OR ALASKA NATIVE
ABC-123,P817,60,M,WHITE
XYZ-789,P818,61,F,BLACK OR AFRICAN AMERICAN
MNO-456,P819,62,M,ASIAN
ABC-123,P820,63,F,AMERICAN INDIAN OR ALASKA NATIVE
XYZ-789,P821,64,M,WHITE
MNO-456,P822,65,F,BLACK OR AFRICAN AMERICAN
ABC-123,P823,66,M,ASIAN
XYZ-789,P824,67,F,AMERICAN INDIAN OR ALASKA NATIVE
MNO-456,P825,68,M,WHITE
ABC-123,P826,69,F,BLACK OR AFRICAN AMERICAN
XYZ-789,P827,70,M,ASIAN
MNO-456,P828,71,F,AMERICAN INDIAN OR ALASKA NATIVE
ABC-123,P829,72,M,WHITE
XYZ-789,P830,73,F,BLACK OR AFRICAN AMERICAN
MNO-456,P831,74,M,ASIAN
ABC-123,P832,75,F,AMERICAN INDIAN OR ALASKA NATIVE
XYZ-789,P833,76,M,WHITE
MNO-456,P834,77,F,BLACK OR AFRICAN AMERICAN
ABC-123,P835,78,M,ASIAN
XYZ-789,P836,79,F,AMERICAN INDIAN OR ALASKA NATIVE
MNO-456,P837,20,M,WHITE
ABC-123,P838,21,F,BLACK OR AFRICAN AMERICAN
XYZ-789,P839,22,M,ASIAN
MNO-456,P840,23,F,AMERICAN INDIAN OR ALASKA NATIVE
ABC-123,P841,24,M,WHITE
XYZ-789,P842,25,F,BLACK OR AFRICAN AMERICAN
MNO-456,P843,26,M,ASIAN
ABC-123,P844,27,F,AMERICAN INDIAN OR ALASKA NATIVE
XYZ-789,P845,28,M,WHITE
MNO-456,P846,29,F,BLACK OR AFRICAN AMERICAN
ABC-123,P847,30,M,ASIAN
XYZ-789,P848,31,F,AMERICAN INDIAN OR ALASKA NATIVE
MNO-456,P849,32,M,WHITE
ABC-123,P850,33,F,BLACK OR AFRICAN AMERICAN
XYZ-789,P851,34,M,ASIAN
MNO-456,P852,35,F,AMERICAN INDIAN OR ALASKA NATIVE
ABC-123,P853,36,M,WHITE
XYZ-789,P854,37,F,BLACK OR AFRICAN AMERICAN
MNO-456,P855,38,M,ASIAN
ABC-123,P856,39,F,AMERICAN INDIAN OR ALASKA NATIVE
XYZ-789,P857,40,M,WHITE
MNO-456,P858,41,F,BLACK OR AFRICAN AMERICAN
ABC-123,P859,42,M,ASIAN
XYZ-789,P860,43,F,AMERICAN INDIAN OR ALASKA NATIVE
MNO-456,P861,44,M,WHITE
ABC-123,P862,45,F,BLACK OR AFRICAN AMERICAN
XYZ-789,P863,46,M,ASIAN
MNO-456,P864,47,F,AMERICAN INDIAN OR ALASKA NATIVE
ABC-123,P865,48,M,WHITE
XYZ-789,P866,49,F,BLACK OR AFRICAN AMERICAN
MNO-456,P867,50,M,ASIAN
ABC-123,P868,51,F,AMERICAN INDIAN OR ALASKA NATIVE
XYZ-789,P869,52,M,WHITE
MNO-456,P870,53,F,BLACK OR AFRICAN AMERICAN
ABC-123,P871,54,M,ASIAN
XYZ-789,P872,55,F,AMERICAN INDIAN OR ALASKA NATIVE
MNO-456,P873,56,M,WHITE
ABC-123,P874,57,F,BLACK OR AFRICAN AMERICAN
XYZ-789,P875,58,M,ASIAN
MNO-456,P876,59,F,AMERICAN INDIAN OR ALASKA NATIVE
ABC-123,P877,60,M,WHITE
XYZ-789,P878,61,F,BLACK OR AFRICAN AMERICAN
MNO-456,P879,62,M,ASIAN
ABC-123,P880,63,F,AMERICAN INDIAN OR ALASKA NATIVE
XYZ-789,P881,64,M,WHITE
MNO-456,P882,65,F,BLACK OR AFRICAN AMERICAN
ABC-123,P883,66,M,ASIAN
XYZ-789,P884,67,F,AMERICAN INDIAN OR ALASKA NATIVE
MNO-456,P885,68,M,WHITE
ABC-123,P886,69,F,BLACK OR AFRICAN AMERICAN
XYZ-789,P887,70,M,ASIAN
MNO-456,P888,71,F,AMERICAN INDIAN OR ALASKA NATIVE
ABC-123,P889,72,M,WHITE
XYZ-789,P890,73,F,BLACK OR AFRICAN AMERICAN
MNO-456,P891,74,M,ASIAN
ABC-123,P892,75,F,AMERICAN INDIAN OR ALASKA NATIVE
XYZ-789,P893,76,M,WHITE
MNO-456,P894,77,F,BLACK OR AFRICAN AMERICAN
ABC-123,P895,78,M,ASIAN
XYZ-789,P896,79,F,AMERICAN INDIAN OR ALASKA NATIVE
MNO-456,P897,20,M,WHITE
ABC-123,P898,21,F,BLACK OR AFRICAN AMERICAN
XYZ-789,P899,22,M,ASIAN
MNO-456,P900,23,F,AMERICAN INDIAN OR ALASKA NATIVE
ABC-123,P901,24,M,WHITE
XYZ-789,P902,25,F,BLACK OR AFRICAN AMERICAN
MNO-456,P903,26,M,ASIAN
ABC-123,P904,27,F,AMERICAN INDIAN OR ALASKA NATIVE
XYZ-789,P905,28,M,WHITE
MNO-456,P906,29,F,BLACK OR AFRICAN AMERICAN
ABC-123,P907,30,M,ASIAN
XYZ-789,P908,31,F,AMERICAN INDIAN OR ALASKA NATIVE
MNO-456,P909,32,M,WHITE
ABC-123,P910,33,F,BLACK OR AFRICAN AMERICAN
XYZ-789,P911,34,M,ASIAN
MNO-456,P912,35,F,AMERICAN INDIAN OR ALASKA NATIVE
ABC-123,P913,36,M,WHITE
XYZ-789,P914,37,F,BLACK OR AFRICAN AMERICAN
MNO-456,P915,38,M,ASIAN
ABC-123,P916,39,F,AMERICAN INDIAN OR ALASKA NATIVE
XYZ-789,P917,40,M,WHITE
MNO-456,P918,41,F,BLACK OR AFRICAN AMERICAN
ABC-123,P919,42,M,ASIAN
XYZ-789,P920,43,F,AMERICAN INDIAN OR ALASKA NATIVE
MNO-456,P921,44,M,WHITE
ABC-123,P922,45,F,BLACK OR AFRICAN AMERICAN
XYZ-789,P923,46,M,ASIAN
MNO-456,P924,47,F,AMERICAN INDIAN OR ALASKA NATIVE
ABC-123,P925,48,M,WHITE
XYZ-789,P926,49,F,BLACK OR AFRICAN AMERICAN
MNO-456,P927,50,M,ASIAN
ABC-123,P928,51,F,AMERICAN INDIAN OR ALASKA NATIVE
XYZ-789,P929,52,M,WHITE
MNO-456,P930,53,F,BLACK OR AFRICAN AMERICAN
ABC-123,P931,54,M,ASIAN
XYZ-789,P932,55,F,AMERICAN INDIAN OR ALASKA NATIVE
MNO-456,P933,56,M,WHITE
ABC-123,P934,57,F,BLACK OR AFRICAN AMERICAN
XYZ-789,P935,58,M,ASIAN
MNO-456,P936,59,F,AMERICAN INDIAN OR ALASKA NATIVE
ABC-123,P937,60,M,WHITE
XYZ-789,P938,61,F,BLACK OR AFRICAN AMERICAN
MNO-456,P939,62,M,ASIAN
ABC-123,P940,63,F,AMERICAN INDIAN OR ALASKA NATIVE
XYZ-789,P941,64,M,WHITE
MNO-456,P942,65,F,BLACK OR AFRICAN AMERICAN
ABC-123,P943,66,M,ASIAN
XYZ-789,P944,67,F,AMERICAN INDIAN OR ALASKA NATIVE
MNO-456,P945,68,M,WHITE
ABC-123,P946,69,F,BLACK OR AFRICAN AMERICAN
XYZ-789,P947,70,M,ASIAN
MNO-456,P948,71,F,AMERICAN INDIAN OR ALASKA NATIVE
ABC-123,P949,72,M,WHITE
XYZ-789,P950,73,F,BLACK OR AFRICAN AMERICAN
MNO-456,P951,74,M,ASIAN
ABC-123,P952,75,F,AMERICAN INDIAN OR ALASKA NATIVE
XYZ-789,P953,76,M,WHITE
MNO-456,P954,77,F,BLACK OR AFRICAN AMERICAN
ABC-123,P955,78,M,ASIAN
XYZ-789,P956,79,F,AMERICAN INDIAN OR ALASKA NATIVE
MNO-456,P957,20,M,WHITE
ABC-123,P958,21,F,BLACK OR AFRICAN AMERICAN
XYZ-789,P959,22,M,ASIAN
MNO-456,P960,23,F,AMERICAN INDIAN OR ALASKA NATIVE
ABC-123,P961,24,M,WHITE
XYZ-789,P962,25,F,BLACK OR AFRICAN AMERICAN
MNO-456,P963,26,M,ASIAN
ABC-123,P964,27,F,AMERICAN INDIAN OR ALASKA NATIVE
XYZ-789,P965,28,M,WHITE
MNO-456,P966,29,F,BLACK OR AFRICAN AMERICAN
ABC-123,P967,30,M,ASIAN
XYZ-789,P968,31,F,AMERICAN INDIAN OR ALASKA NATIVE
MNO-456,P969,32,M,WHITE
ABC-123,P970,33,F,BLACK OR AFRICAN AMERICAN
XYZ-789,P971,34,M,ASIAN
MNO-456,P972,35,F,AMERICAN INDIAN OR ALASKA NATIVE
ABC-123,P973,36,M,WHITE
XYZ-789,P974,37,F,BLACK OR AFRICAN AMERICAN
MNO-456,P975,38,M,ASIAN
ABC-123,P976,39,F,AMERICAN INDIAN OR ALASKA NATIVE
XYZ-789,P977,40,M,WHITE
MNO-456,P978,41,F,BLACK OR AFRICAN AMERICAN
ABC-123,P979,42,M,ASIAN
XYZ-789,P980,43,F,AMERICAN INDIAN OR ALASKA NATIVE
MNO-456,P981,44,M,WHITE
ABC-123,P982,45,F,BLACK OR AFRICAN AMERICAN
XYZ-789,P983,46,M,ASIAN
MNO-456,P984,47,F,AMERICAN INDIAN OR ALASKA NATIVE
ABC-123,P985,48,M,WHITE
XYZ-789,P986,49,F,BLACK OR AFRICAN AMERICAN
MNO-456,P987,50,M,ASIAN
ABC-123,P988,51,F,AMERICAN INDIAN OR ALASKA NATIVE
XYZ-789,P989,52,M,WHITE
MNO-456,P990,53,F,BLACK OR AFRICAN AMERICAN
ABC-123,P991,54,M,ASIAN
XYZ-789,P992,55,F,AMERICAN INDIAN OR ALASKA NATIVE
MNO-456,P993,56,M,WHITE
ABC-123,P994,57,F,BLACK OR AFRICAN AMERICAN
XYZ-789,P995,58,M,ASIAN
MNO-456,P996,59,F,AMERICAN INDIAN OR ALASKA NATIVE
ABC-123,P997,60,M,WHITE
XYZ-789,P998,61,F,BLACK OR AFRICAN AMERICAN
MNO-456,P999,62,M,ASIAN
ABC-123,P1000,63,F,AMERICAN INDIAN OR ALASKA NATIVE
